path,size_bytes,sha256,version_id
derivatives/preprocessed/sub-03/ses-03/eeg/sub3_sess3_50_ica_eeg.fif,2146030773,2e2d45585e0be493eb4fe72f8174f40dbcf9ad3308a5b8185464c0ff8aac8c7b,UrqOOlVw51RByUrs1lBh6OjiFtXUgNy.
derivatives/preprocessed/sub-03/ses-03/eeg/sub3_sess3_50_ica_eeg-1.fif,299581966,a440ebf394713ec75dedb831710f096ba16d82cc5b4098da07bbf32ab8a30ba9,pLcj2itpz6DmY3D2.hEw.NfpB_a5a6Jp
derivatives/preprocessed/sub-08/ses-03/eeg/sub8_sess3_50_ica_eeg.fif,2146030730,c932dc8c2dbb968883229eb0ae7f0fa8addc37287c189abeaacd0fae77efa3f6,K0P28yY3okvtr0sArFDb6SxtzDsxLVBO
derivatives/preprocessed/sub-08/ses-03/eeg/sub8_sess3_50_ica_eeg-1.fif,193602739,f3940c7487eab52eac7d465b99bc976b16da0b96ef91490913e93e541ee58add,YBFXPQm1wr5YynZFx55HxBT892hR.Nhw
derivatives/preprocessed/sub-010/ses-01/eeg/sub10_sess1_50_ica_eeg.fif,2146030731,a06a33269e442272b916ebc684c9792b34853046c1e43668a606f8c44f3dad3f,.NHCCyHCVE5mfC2G3ZaBo9_nBLfRIn7_
derivatives/preprocessed/sub-010/ses-01/eeg/sub10_sess1_50_ica_eeg-1.fif,313763012,7744990ac456a5ec8157bd1b91437b95edefbaaf1f90e60770a667ee6a0773a9,c8.RgY8I1yxeagAnR7avs2GRJTvGxFRd
derivatives/preprocessed/sub-011/ses-01/eeg/sub11_sess1_50_ica_eeg.fif,1898906210,7aec12c9473ad10508a1d0c25363bfe92866c924d9f92debdb206d01b4b5ec26,U1eWUTlCr3rf9cqXvlqyRxIeyrQ9bCpa
derivatives/preprocessed/sub-012/ses-01/eeg/sub12_sess1_50_ica_eeg.fif,2146030815,e3e4b6c9aab87d890dc7e84d7abd9b2f91071482f8a7ba23b84b96edb8bdbb55,ATWlZdmXKtSz9SunDB.CnH2jTov0kSnG
derivatives/preprocessed/sub-012/ses-01/eeg/sub12_sess1_50_ica_eeg-1.fif,162627640,5290c73968ec7b0ad12e223416c68de2568f41107617435a56031a1f20cadc11,iq5_nQLK3.nnnd_PRQZ0kA9_prCepxxy
derivatives/preprocessed/sub-012/ses-02/eeg/sub12_sess2_50_ica_eeg.fif,2146030815,be40a5537274f84c3183d23c3ade4c971b71a1215baf339afaec7afd42b4e7ce,swlF3RLv.VKPi7ydYfkgMfXOvWkZQXPm
derivatives/preprocessed/sub-012/ses-02/eeg/sub12_sess2_50_ica_eeg-1.fif,201736488,8e6910e4ecc254278e6397ce6dcc1eff04ae37089e86eb5196fb1304a8a3d5f5,NDebSsL6IqTp.PKSdAcsJAfKqf350zPV
derivatives/preprocessed/sub-013/ses-01/eeg/sub13_sess1_50_ica_eeg.fif,2146030731,f152206bd5ab41ed448b982cfacd07a932f4b690d28b7c88bff4669aa7116713,ud4L753w1a8RMBgr3IlfU.9zgOpyG0.B
derivatives/preprocessed/sub-013/ses-01/eeg/sub13_sess1_50_ica_eeg-1.fif,223017444,382ab51e8273a5d20d564b9b3811d25620dd96abb0727b3a5a2e593f0a2614f5,fJ0uP18ZtFPl1Z11rKGr6W3dbB5XDJmj
derivatives/preprocessed/sub-014/ses-01/eeg/sub14_sess1_50_ica_eeg.fif,2146029774,863a739fd492a823d956a96f07f52997a6817d29288107c433234c433d618eae,CYHBmByVrQ_W1vBFkyqIB8I0AfxVBFH0
derivatives/preprocessed/sub-014/ses-01/eeg/sub14_sess1_50_ica_eeg-1.fif,76286151,b26bdc6074a8d49c54eabc65721e12064463ae95514d7b7e2b881758601be90e,ssHtGCa9yxUjsAYV1Mww42.7_sWPkV81
derivatives/preprocessed/sub-014/ses-02/eeg/sub14_sess2_50_ica_eeg.fif,2146030731,94d93c317588965d325f1ecfa2abcdfcbaf8ec9f33f867641351fb7c7f3fb155,_UylTnK7XSvvLCKLl64HXZIhB8Y4B5OB
derivatives/preprocessed/sub-014/ses-02/eeg/sub14_sess2_50_ica_eeg-1.fif,433143060,a07fdbd1b2dbb112a69bdc2a157c2d3bbea68b3114667e2c1b6939ad485efaa3,0j5PjM3bJ6djkq3zXCPbW79wMqldyrMK
derivatives/preprocessed/sub-015/ses-01/eeg/sub15_sess1_50_ica_eeg.fif,1712750588,9581fad2a49cd9f0761bd68725454082f29f7f25c2e6092fc603ffd8cae39dce,jJXm1Qp2ejktiuiDXDAE.axbgyVliuXF
derivatives/preprocessed/sub-015/ses-02/eeg/sub15_sess2_50_ica_eeg.fif,2146030731,8179d47c75edb56c7f152b7812323cf39e08e2cd513a73feb9447f91c19d50a7,1A2LRbgeMLB7Ob7neW0pBFjMS.vVTvBz
derivatives/preprocessed/sub-015/ses-02/eeg/sub15_sess2_50_ica_eeg-1.fif,411362020,378f92f93d074b10513bb8610651295dab77c7136f6a439e59722c8192f98a24,Fymyo_iC6VEtJWpLVKtMTf7_PgyGEzCH
derivatives/preprocessed/sub-016/ses-01/eeg/sub16_sess1_50_ica_eeg.fif,2146030815,09f50bd3303f5fc84a7d4df180fa46630f81c123e2d9602ca1a4c1631c8040b7,lnTsWJICC2878OxJ1xFkDCzjwRCvuTrK
derivatives/preprocessed/sub-016/ses-01/eeg/sub16_sess1_50_ica_eeg-1.fif,6908488,1e1479e6043ef9a21bf286776882b8cf85ea7b34f2b02b23d2ecc17eaeace926,m42VEiRI4AaM3A8xRnoSkmYbekSY_s_O
derivatives/preprocessed/sub-017/ses-01/eeg/sub17_sess1_50_ica_eeg.fif,2146030815,add0517cac49b644c1b6d3d6ce34109ed39f4f3fca5fff234d0faea408ba287e,TQXyUvPVO7a2SNa4WMwM1M9LMC6Ucb80
derivatives/preprocessed/sub-017/ses-01/eeg/sub17_sess1_50_ica_eeg-1.fif,173871320,41dc05ac89ae66892ff45d23ab5787048df592bd69f7c5e5f622bbc6acac709a,R7tHT8RY0_DW7JNWXmSHjOSlj6ZNJJPU
derivatives/preprocessed/sub-018/ses-01/eeg/sub18_sess1_50_ica_eeg.fif,1817972341,fcba35cfcefc771f509b399a3712549ceb20acf7b1ee5b6802b5645431a34169,M1Y3j7H.0XX9Y2JWdwsVjcZigt3TSjW2
derivatives/preprocessed/sub-019/ses-01/eeg/sub19_sess1_50_ica_eeg.fif,1718070319,7c4164f46988a913eb5eb16ff83546498ab12c254bff50bc26b27ad725a06436,TfqRaMgJA_MxbnDw4crmDEueGyr4IpUH
